{"x_middle": 116.02730796911803, "y_middle": 174.11905423972783, "x_low": 50.39631097888804, "x_high": 181.65830495934802, "y_low": 129.88404142223192, "y_high": 218.35406705722374}