{"x_middle": 116.72128060263654, "y_middle": 176.1457627118644, "x_low": -62.91235553993431, "x_high": 62.91235553993431, "y_low": -42.47755428592856, "y_high": 42.47755428592856}