{"x_middle": 113.98455598455598, "y_middle": 175.45945945945945, "x_low": -61.294811705662866, "x_high": 61.294811705662866, "y_low": -43.67002694149905, "y_high": 43.67002694149905}