{"x_middle": 119.60593220338983, "y_middle": 175.6002824858757, "x_low": -65.14533307278171, "x_high": 65.14533307278171, "y_low": -43.96213040984125, "y_high": 43.96213040984125}