{"x_middle": 116.02730796911803, "y_middle": 174.11905423972783, "x_low": -65.63099699022999, "x_high": 65.63099699022999, "y_low": -44.23501281749591, "y_high": 44.23501281749591}