{"x_middle": 116.660140562249, "y_middle": 175.9754016064257, "x_low": -63.498491170555454, "x_high": 63.498491170555454, "y_low": -42.6174281176298, "y_high": 42.6174281176298}